activity_id,category,activity,badge,badge_label,time_min,trimesters,evidence_summary,key_sources,confidence,safety_note,secular_alternative,verification_needed
M01,MIND,Read a story aloud to baby,●,Science-backed,10,"2,3",Fetus hears from ~19-24 wk; newborns recognise passages read aloud before birth. No evidence it raises IQ.,Hepper & Shahidullah 1994; DeCasper & Spence 1986,High (hearing/recognition),,(already secular),
M02,MIND,Talk to baby / narrate your day,●,Science-backed,5,"2,3",Mother's voice is the most prominent sound in the womb; term fetuses respond differently to it.,Kisilevsky et al. 2003; DeCasper & Fifer 1980,High,,,
M03,MIND,Sing a lullaby to baby,●,Science-backed,5,"2,3",Voice and melody exposure; newborn neural memory for prenatally heard melody/speech; mother's singing may aid bonding.,Partanen et al. 2013 (PNAS); Persico et al. 2017,High (exposure); Moderate (bonding),,,Persico 2017 citation
M04,MIND,"Same story, same song ritual (from week 30)",●,Science-backed,10,3,Repeated exposure produces familiarity/recognition after birth.,DeCasper & Spence 1986; Partanen et al. 2013,High,,,
M05,MIND,Listen to calming music,◐,Emerging evidence,10-20,"1,2,3",Meta-analyses: small-moderate reduction in maternal anxiety; no effect on general stress.,Corbijn van Willenswaard 2017; Lin et al. 2019,Moderate,Comfortable volume; never headphones on the belly.,,
M06,MIND,"Om chanting (soft, long exhale)",◐,Emerging evidence,5,"1,2,3",Pilot fMRI showed limbic deactivation; slow-exhale breathing linked to parasympathetic activity.,Kalyani et al. 2011; Bernardi et al. 2001,Low,Soft voice; no breath-holding; stop if dizzy.,Hum a single comfortable note,
M07,MIND,Gayatri mantra recitation,◐,Emerging evidence,5,"1,2,3",Mantra recitation slows breathing; mantra meditation small benefits (weak studies). Heritage: Rigveda 3.62.10.,Lynch et al. 2018; Pradhan & Derle 2012,Low,Some traditions require initiation; respect family custom.,Read a favourite poem slowly,Pradhan 2012 details
M08,MIND,Shanti mantra (Saha navavatu / Asato ma / Purnamadah),◐,Emerging evidence,5,"1,2,3",As for mantra meditation; meaning-centred reflection.,Lynch et al. 2018; Taittiriya Up. 2.1; BU 1.3.28; BU 5.1.1,Low,,Read a calming verse or prayer of your own faith,
M09,MIND,Madalasa's lullaby,✦,Tradition & culture,5,"2,3",Heritage lullaby of wisdom (Markandeya Purana tradition). Singing itself is voice exposure (see M03).,Markandeya Purana ch.25; Madalasa Upadesha,Tradition,,Any lullaby your family loves,Text/version
M10,MIND,Lullaby in your mother tongue,●,Science-backed,5,"2,3",Voice + language melody exposure; newborns attuned to native-language prosody.,Partanen et al. 2013; Moon et al. 2013 (Acta Paediatrica),High,,,Moon 2013 citation
M11,MIND,Indian story to read aloud (Panchatantra/Jataka/epic/folk),●,Science-backed,10,"2,3",Reading aloud = voice exposure (see M01); story content is cultural.,DeCasper & Spence 1986,High (voice); story content = tradition,,,
M12,MIND,Shloka of the week: read the meaning and reflect,✦,Tradition & culture,5,"1,2,3",Contemplative reading; meaning-focused reflection.,Yoga Sutras; Bhagavad Gita; Upanishads (see notes §2.8),Tradition,,Quote of the week from any wisdom tradition,
M13,MIND,"Sound-bath playlist (nature sounds, soft instrumental)",◐,Emerging evidence,10-20,"1,2,3",Music/nature sound listening reduces anxiety in small trials.,Lin et al. 2019,Moderate,Comfortable volume.,,
M14,MIND,"Baby-talk prompts (describe, name, greet)",●,Science-backed,2,"2,3",Voice exposure; supports parental mentalising & attachment.,Kisilevsky 2003; maternal-fetal attachment literature,High (voice); Moderate (attachment),,,
B01,BODY,Natural deep (belly) breathing,●,Science-backed,2-5,"1,2,3",Slow breathing reduces physiological arousal; standard antenatal relaxation skill.,ACOG CO 804; Zaccaro et al. 2018 (Front Hum Neurosci),Moderate-High,Stop if dizzy or breathless. Check with your doctor first.,,Zaccaro 2018 citation
B02,BODY,Anulom vilom (alternate-nostril) WITHOUT retention,◐,Emerging evidence,5,"1,2,3",Slow yogic breathing; parasympathetic shift in small studies.,Satyapriya 2009 (integrated yoga); yoga breathing reviews,Low-Moderate,"No breath-holding; slow, gentle; skip with blocked nose. Check with your doctor first.",Slow counted breathing 4-in / 6-out,
B03,BODY,Bhramari (humming bee breath),◐,Emerging evidence,3-5,"1,2,3",Very-low-quality studies show parasympathetic effects; humming raises nasal nitric oxide.,Kuppusamy et al. 2018; Weitzberg & Lundberg 2002,Low,No ear pressing if uncomfortable; no breath-holding; stop if dizzy. Check with your doctor first.,Hum a lullaby tune,
B04,BODY,Sheetali / sitkari cooling breath (if comfortable),◐,Emerging evidence,2-3,"2,3",Traditional cooling breath; minimal evidence; low risk.,Hatha yoga texts; limited trials,Low,"Skip if you have asthma, a cold, low BP or sensitive teeth; no retention. Check with your doctor first.",Slow nose breathing with a cool cloth,Safety cautions
B05,BODY,Daily walk (build toward 150 min/week),●,Science-backed,20-30,"1,2,3","WHO/ACOG: moderate activity safe and beneficial; lowers GDM, pre-eclampsia risk.",WHO 2020; ACOG CO 804,High,Talk test; avoid heat; stop with warning signs. Check with your doctor first.,,
B06,BODY,Pelvic-floor (Kegel) exercises,●,Science-backed,5,"1,2,3",Antenatal PFMT reduces urinary incontinence late pregnancy & postpartum.,Woodley et al. Cochrane 2020,High,Don't do while urinating; breathe normally. Check with your doctor first.,,
B07,BODY,Seated neck & shoulder release,●,Science-backed,5,"1,2,3",Gentle stretching within prenatal activity guidance.,ACOG CO 804,Moderate,Slow; no forcing; stop if pain. Check with your doctor first.,,
B08,BODY,Cat-cow on hands & knees (Marjariasana),●,Science-backed,5,"1,2,3",Included in safe postures studied in 3rd trimester; eases back discomfort.,Polis et al. 2015; Corrigan et al. 2022,Moderate,Keep back neutral to gentle; no deep sagging. Check with your doctor first.,,
B09,BODY,Supported butterfly (Baddha konasana) with cushions,●,Science-backed,5,"1,2,3",Gentle hip opener common in prenatal yoga programmes.,Corrigan et al. 2022,Moderate,Sit on a cushion; no bouncing; stop with pelvic (SPD) pain. Check with your doctor first.,,
B10,BODY,Mountain pose with gentle side stretch (Tadasana / Tiryaka),●,Science-backed,5,"1,2,3",Standing posture & gentle stretch; studied safe postures.,Polis et al. 2015,Moderate,Feet hip-width; hold a chair if unsteady. Check with your doctor first.,,
B11,BODY,Wall pelvic tilts,●,Science-backed,5,"2,3",Common prenatal back-care exercise.,ACOG CO 804,Moderate,Gentle range; stop if pain. Check with your doctor first.,,
B12,BODY,"Side-lying relaxation (supported, left or right)",●,Science-backed,10,"2,3",Avoids supine position after 1st trimester; relaxation reduces perceived stress.,ACOG CO 804; Satyapriya et al. 2009,High (position); Moderate (relaxation),Pillow between knees; no flat-on-back after 1st trimester. Check with your doctor first.,,
B13,BODY,Ankle circles & calf stretch,●,Science-backed,3,"1,2,3",Circulation & comfort; low risk.,General prenatal guidance,Moderate,Gentle; report one-sided calf pain/swelling at once. Check with your doctor first.,,
B14,BODY,Tree pose with wall support (Vrikshasana),◐,Emerging evidence,3,"1,2",Balance practice; fall risk managed with wall support.,Polis et al. 2015,Low-Moderate,Always beside a wall or chair; skip in 3rd trimester if unsteady. Check with your doctor first.,,
B15,BODY,"Modified warrior II (Virabhadrasana II), short hold",●,Science-backed,5,"1,2,3",Among postures studied as well tolerated.,Polis et al. 2015,Moderate,Short stance; chair nearby; no strain. Check with your doctor first.,,
B16,BODY,Gentle open seated twist (away from belly),●,Science-backed,3,"1,2",Gentle mobility; closed/deep twists avoided.,Prenatal yoga practice consensus; ACOG CO 804,Low-Moderate,"Twist from upper back only, open away from belly; skip if uncomfortable. Check with your doctor first.",,
B17,BODY,Guided relaxation / yoga nidra (side-lying or propped),◐,Emerging evidence,10-20,"1,2,3","Guided relaxation in integrated yoga RCT reduced perceived stress, raised HRV.",Satyapriya et al. 2009,Moderate,Side-lying or propped; never flat on back after 1st trimester.,Guided body-scan audio,
B18,BODY,Partner hand or foot massage (plain oil/lotion),◐,Emerging evidence,10,"2,3",Massage reduced anxiety/depressive symptoms in small trials.,Field 2010 (J Bodyw Mov Ther) review,Low-Moderate,Gentle pressure; no strong essential oils; skip if calf is swollen/painful. Check with your doctor first.,,Field 2010 citation
H01,HEART,Letter to baby,◐,Emerging evidence,10,"1,2,3",Expressive writing small wellbeing benefits; supports maternal-fetal attachment.,Frattaroli 2006; maternal-fetal attachment reviews,Low-Moderate,,,
H02,HEART,Three good things (gratitude journal),◐,Emerging evidence,5,"1,2,3",Gratitude interventions small positive effects (general populations).,Davis et al. 2016,Low-Moderate,,,Davis 2016 citation
H03,HEART,Feelings journal / worry-to-wish (YS 2.33),◐,Emerging evidence,5,"1,2,3",Expressive writing; cognitive reframing.,Frattaroli 2006; Yoga Sutra 2.33,Low-Moderate,"If low mood lasts 2+ weeks, talk to your doctor.",,
H04,HEART,Partner talks/reads/sings to bump,●,Science-backed,5,"2,3",Fetus hears external voices from mid-pregnancy; familiarity after birth.,Hepper 1994; DeCasper & Spence 1986,High (hearing),,,
H05,HEART,Partner task of the week (practical support),●,Science-backed,varies,"1,2,3",Social support protects maternal mental health.,Glover 2014; perinatal mental health literature,High (association),,,
H06,HEART,Record a voice message or lullaby for baby,◐,Emerging evidence,10,"2,3",Keepsake and bonding; voice familiarity.,Kisilevsky 2003,Moderate,,,
H07,HEART,Family blessing,✦,Tradition & culture,5,"1,2,3",Cultural practice of ashirvad; social support.,Grihya Sutra simantonnayana tradition,Tradition,,Family wishes page,
H08,HEART,Belly-touch hello ritual,◐,Emerging evidence,2,"2,3",Fetuses moved more in response to maternal abdominal touch.,Marx & Nagy 2015,Low-Moderate (small study),Gentle touch only.,,
H09,HEART,Reach out: call a friend / ask for help,●,Science-backed,10,"1,2,3",Social support reduces stress & depression risk.,Glover 2014,High (association),,,
H10,HEART,Imagine meeting baby (attachment visualisation),◐,Emerging evidence,5,"2,3",Maternal-fetal attachment linked to postnatal bonding.,Alhusen 2008,Low-Moderate,,,Alhusen citation
S01,SPIRIT,Mandala colouring (structured),◐,Emerging evidence,10-20,"1,2,3",Structured mandala colouring reduced state anxiety vs free colouring (students).,Curry & Kasser 2005,Low-Moderate,,(already secular),Curry & Kasser details
S02,SPIRIT,Yantra steady gaze (trataka-lite),✦,Tradition & culture,2-3,"1,2,3","Contemplative focus; heritage. Eyes soft, blink freely, no strain.",Sri Vidya tradition; Hatha Yoga Pradipika (trataka) context,Tradition,Blink normally; stop if eyes water/strain; no candle-staring for long.,Gaze at a flower or geometric pattern,
S03,SPIRIT,Sri Yantra tracing / colouring,✦,Tradition & culture,10-20,"1,2,3","Heritage geometry (9 triangles, 43 sub-triangles); also structured colouring (see S01).",Sri Yantra tradition; Kulaichev 1984,Tradition,,Geometric pattern colouring,Kulaichev ref
S04,SPIRIT,Kolam / rangoli dot-grid drawing,✦,Tradition & culture,10,"1,2,3",Threshold art of India; mindful repetitive drawing.,Kolam tradition; Siromoney et al.,Tradition (Low evidence for calm),,Dot-grid doodling,
S05,SPIRIT,"Mudra with calm breath (Gyan, Dhyana, Anjali, Shuni, Prana; Apana only near term)",✦,Tradition & culture,2,"1,2,3",Hand gestures from ritual/dance/meditation; therapeutic claims unproven; pleasant focus for breathing.,Abhinaya Darpana; modern yoga literature,Tradition,Hands relaxed; no strain.,Rest hands on belly or knees,
S06,SPIRIT,One calm minute: mindful silence,◐,Emerging evidence,1,"1,2,3",Brief mindfulness practice; mindfulness interventions show mixed but encouraging results in pregnancy.,Dhillon et al. 2017,Moderate,,,
S07,SPIRIT,Chakra check-in (symbolic map),✦,Tradition & culture,5,"1,2,3","Symbolic framework (Sat-cakra-nirupana 1577; Woodroffe 1919); used as emotional check-in, not anatomy.",Purnananda 1577; Woodroffe 1919,Tradition,,Head-to-toe feelings check-in,
S08,SPIRIT,"Pancha kosha check-in (body, breath, mind, wisdom, joy)",✦,Tradition & culture,5,"1,2,3","Taittiriya Upanishad 2.1-2.5 framework, used as self-care checklist.",Taittiriya Up. 2.1-2.5,Tradition,,Five-question wellbeing check,
S09,SPIRIT,Lotus visualisation,◐,Emerging evidence,5,"1,2,3",Guided imagery reduces anxiety in small studies.,Guided imagery literature (general),Low,,Visualise any calming place,needs specific citation
S10,SPIRIT,Loving-kindness (maitri) reflection (YS 1.33),◐,Emerging evidence,5,"2,3",Loving-kindness meditation increases positive emotion (general populations).,Hofmann et al. 2011 (Clin Psychol Rev); Yoga Sutra 1.33,Low-Moderate,,"Kind wishes for yourself, baby, family",Hofmann 2011 citation
S11,SPIRIT,Draw your own mandala,◐,Emerging evidence,10-20,"1,2,3",Creative activity; see S01.,Curry & Kasser 2005,Low,,(already secular),
S12,SPIRIT,Moon-gazing / mindful evening sky,◐,Emerging evidence,5,"1,2,3",Nature exposure & mindfulness; general wellbeing evidence.,General mindfulness/nature literature,Low,Avoid isolated/unsafe places at night.,,needs specific citation
N01,NOURISH,"Folate foods (dal, rajma, palak, methi, oranges)",●,Science-backed,meal,"1,2,3",Folate essential for neural tube; supplements prescribed by doctor.,MRC 1991; WHO 2016; ICMR-NIN 2020,High,Take supplements only as your doctor prescribes.,,
N02,NOURISH,Iron foods + vitamin C pairing; tea/coffee away from meals,●,Science-backed,meal,"1,2,3",Prevents anaemia; vitamin C enhances non-haem iron absorption.,ICMR-NIN 2020/2024; WHO 2016,High,,,
N03,NOURISH,Use iodised salt (in moderation),●,Science-backed,daily,"1,2,3",Iodine essential for fetal brain/thyroid.,WHO/UNICEF 2007; ICMR-NIN,High,Moderate salt if BP is high (doctor advice).,,
N04,NOURISH,"Choline foods (eggs; soy, paneer, peanuts for vegetarians)",●,Science-backed,meal,"2,3",Choline supports fetal brain development; small RCT shows faster infant processing at higher intake.,Caudill et al. 2018,Moderate,Eggs fully cooked.,,
N05,NOURISH,Omega-3: low-mercury fish 2-3x/week or walnuts/flax (ALA),●,Science-backed,meal,"1,2,3",Omega-3 LCPUFA reduces preterm birth; DHA for brain/retina.,Middleton et al. Cochrane 2018; FDA/EPA 2021,High,Avoid high-mercury fish; DHA supplement only if doctor advises.,,Indian fish mapping
N06,NOURISH,Protein at every meal,●,Science-backed,meal,"2,3",Increased protein needs in 2nd/3rd trimesters.,ICMR-NIN 2020,High,,,RDA values
N07,NOURISH,"Calcium foods (milk, curd, ragi, til)",●,Science-backed,meal,"1,2,3",Bone development; calcium lowers pre-eclampsia risk where intake low.,WHO 2018; ICMR-NIN,High,,,
N08,NOURISH,Water & fluids (8-10 glasses unless advised otherwise),●,Science-backed,daily,"1,2,3","Hydration, constipation, UTI prevention.",General antenatal guidance,Moderate-High,Follow doctor advice if fluid restricted.,,
N09,NOURISH,"Food safety: pasteurised milk, cooked eggs/meat, washed produce",●,Science-backed,daily,"1,2,3","Prevents listeriosis, toxoplasmosis, salmonellosis.",WHO Five Keys; FSSAI,High,,,
N10,NOURISH,"Small, frequent meals for nausea",●,Science-backed,daily,1,ICMR-NIN recommends small frequent meals for nausea.,ICMR-NIN 2024,High,Call doctor if you cannot keep fluids down.,,
N11,NOURISH,"Mindful eating (one meal a day slowly, no screens)",◐,Emerging evidence,15,"1,2,3",Mindful eating may help appetite awareness; limited pregnancy data.,General mindful-eating literature,Low,,,needs citation
N12,NOURISH,Masanumasika note (traditional month-wise foods),✦,Tradition & culture,read,"1,2,3",Cultural/historical summary only; not dietary advice.,Charaka Sha. 8/32; Sushruta Sha. 10/4,Tradition,Discuss any diet change with your doctor.,,verse refs
N13,NOURISH,Vitamin B12 awareness (vegetarian),●,Science-backed,read,"1,2,3",Vegetarians at risk of B12 deficiency; important for neural development.,ICMR-NIN 2024,High,Ask doctor about testing/supplements.,,
N14,NOURISH,Limit caffeine (<200 mg/day),●,Science-backed,daily,"1,2,3",Moderate caffeine not a major factor in miscarriage/preterm birth.,ACOG CO 462,High,,,
N15,NOURISH,Flavour familiarity: varied home food,●,Science-backed,meal,"2,3",Flavours reach amniotic fluid; prenatal exposure increases acceptance at weaning.,Mennella et al. 2001,Moderate,,,
D01,DAILY,"Morning calm routine (water, stretch, breath, intention)",◐,Emerging evidence,10,"1,2,3","Combines B01, B07, S06; routine supports wellbeing.",See components,Moderate,Components carry their own cautions.,,
D02,DAILY,"Evening wind-down (screens off, side-lying, lullaby)",●,Science-backed,20,"1,2,3",Sleep hygiene; side-sleeping from 28 wk lowers stillbirth risk.,Cronin et al. 2019; Heazell 2018,High (side-sleep),Go to sleep on your side from 28 weeks.,,
D03,DAILY,Go-to-sleep-on-your-side habit (from 28 weeks),●,Science-backed,nightly,3,Supine going-to-sleep position associated with ~2.3x late stillbirth risk.,Cronin et al. 2019; MiNESS,High,Don't worry if you wake on your back; turn to your side.,,
T01,TRACK,Know your baby's movement pattern (kick awareness),●,Science-backed,10,3,Awareness of baby's own pattern; report reduced movement immediately; formal counts not evidence-based.,RCOG GTG 57,High,"If movements reduce or change, call your hospital now; don't use home Dopplers.",,
T02,TRACK,Mood tracker,●,Science-backed,1,"1,2,3",Early recognition of perinatal depression/anxiety enables help.,Glover 2014; perinatal screening guidance,High,Low mood 2+ weeks or thoughts of self-harm: contact doctor / Tele-MANAS 14416.,,Helpline number
T03,TRACK,"Sleep, water & energy log",●,Science-backed,1,"1,2,3",Self-monitoring supports healthy habits.,General,Moderate,,,
T04,TRACK,Appointments & questions for my doctor,●,Science-backed,5,"1,2,3",Antenatal care attendance (WHO: 8 contacts) improves outcomes.,WHO ANC 2016,High,,,
F01,FAMILY,Grandparent story / song recording,●,Science-backed,10,"2,3",Voice exposure; intergenerational support.,Hepper 1994; Glover 2014,Moderate,,,
F02,FAMILY,Godh bharai / seemantham / valaikappu / sadh / dohale jevan planner,✦,Tradition & culture,varies,"2,3",Heritage celebrations rooted in simantonnayana (Ashvalayana GS 1.14); social support.,Ashvalayana GS 1.14; Paraskara GS 1.15,Tradition,Celebration only; no sex prediction games or rituals; keep mother rested.,Baby shower,
F03,FAMILY,Family tree & family blessings page,✦,Tradition & culture,20,"1,2,3","Belonging, heritage.",Cultural practice,Tradition,,,
F04,FAMILY,Pumsavana reframed: 3rd-month blessing for a healthy child,✦,Tradition & culture,5,1,Historic rite expressed wish for a son; reframed as blessing for any child; sex selection illegal (PC&PNDT 1994).,Paraskara GS 1.14; PC&PNDT Act 1994,Tradition,No herbs/nostril rite; no sex prediction.,Family wishes for a healthy baby,
K01,KEEPSAKE,Name ideas with meanings,✦,Tradition & culture,20,"2,3",Naming heritage (namakarana).,Cultural practice,Tradition,,,
K02,KEEPSAKE,"Hospital bag, birth preferences, newborn prep",●,Science-backed,30,3,Preparation reduces anxiety; birth preparedness recommended by MoHFW.,MoHFW MCP card; WHO,Moderate-High,,,
